username,first_name,last_name,email
blah91antony,Tony,Baldwin,t.baldwin@gmail.com
tomato_dos71,Lisa,Dickinson,lisa71dos@gmail.com
me8_represent,Dean,Underwood,dean.underwood97@yahoo.com
ewindustrialize,Elise,Romero,elise11romero@gmail.com
sam00potato,Samuel,Chavez,s.chavez@icloud.com
emily007,Emiliana,Melton,melton.em10@gmail.com
lisa744,Lisa,Carpenter,l.carpenter77@gmail.com
fictional_carl,Pat,Carlson,carlson856@outlook.com
boxinggoalboots,Martin,Stanton,martin56s@gmail.com
i_love_badminton,Alex,Underwood,al989@proton.me
phillipswriting,Max,Phillips,max51phillips@gmail.com
colonization_way,,Raymond,j.raymond95@yahoo.com
cyber_space84,Gregory,McLean,g.maclean@gmail.com
BreezeWriting,Sebastian,Santiago,s05santiago@gmail.com
TropicalTornado,Martin,Beaulieu,bb65mar@proton.me
darkGrayff,Jennifer,Stone,stone.j@outlook.com
jurassic_park_2,Lillian,Sauveterre,lilly485@outlook.com
freshlemon986,Lillian,Raymond,lillian.raymond001@gmail.com
bond007_clark,James,Clark,j.clark8855@gmail.com
book_queen02,Holly,Carter,holly.carter0605@outlook.com
CannyAnnie,Annie,White,annie.white@icloud.com
directorpennington,Stephanie,Pennington,s.pennington0707@gmail.com
ngc1569starwars,Steven,Weber,weber61615@gmail.com
everGreenAlb,Albert,Richardson,rich54.alb@proton.me